EvolutionDelay,NumberOfEvals,Emigrations,EvaluatorsCount,ReproducersCount,IslandsCount5.29622,949,116,10,5,2 
10.826582,1724,179,20,10,2 
4.703378,1583,213,10,5,4 
7.249705,2852,287,20,10,4 
5.968226,2775,376,10,5,8 
16.718521,6663,639,20,10,8 
